"[西安北, 渭南北, 华山北, 三门峡南, 洛阳龙门, 郑州东, 徐州, 南京, 苏州, 上海]",4f0000D3080F
"[北京南, 南京, 苏州, 上海]",240000D3130S
"[南京, 镇江, 丹阳, 常州, 无锡, 苏州, 上海]",54000G702940
"[南京南, 丹阳, 常州, 惠山, 苏州, 昆山南, 上海]",5l000G703100
"[南京, 镇江, 常州, 无锡, 无锡新区, 苏州, 苏州园区, 安亭北, 上海]",54000G703350
"[南京, 镇江, 丹阳, 常州, 无锡, 苏州新区, 苏州, 昆山南, 上海虹桥]",54000G710140
"[南京, 丹阳, 常州, 无锡, 苏州, 昆山南, 上海虹桥, 嘉善南, 嘉兴南, 桐乡, 杭州东, 绍兴北, 余姚北, 宁波, 临海, 台州, 乐清, 温州南, 瑞安, 苍南, 霞浦, 连江, 福州南, 莆田, 泉州, 厦门北, 漳浦, 诏安, 潮汕, 普宁, 陆丰, 惠州南, 深圳北]",54000D312510
"[南京, 镇江, 常州, 戚墅堰, 无锡, 苏州, 昆山南, 上海西, 上海]",54000G703530
"[北京南, 南京, 苏州, 上海]",240000D3210C
"[南京, 丹阳, 常州, 惠山, 无锡, 苏州, 苏州园区, 昆山南, 上海]",54000G703760
"[南京南, 镇江, 丹阳, 常州, 无锡, 苏州, 昆山南, 上海虹桥, 嘉善南, 嘉兴南, 桐乡, 杭州东, 绍兴北, 宁波, 三门县, 临海, 台州, 雁荡山, 永嘉, 温州南]",5l000G758100
"[南京, 常州, 无锡, 苏州, 上海]",54000G700142
"[南京南, 镇江南, 常州北, 无锡东, 苏州北, 昆山南, 上海虹桥, 嘉兴南, 杭州东, 绍兴北, 余姚北, 宁波]",5l000G750550
"[南京, 镇江, 丹阳, 无锡, 苏州, 苏州园区, 昆山南, 上海西, 上海]",54000G703950
"[南京南, 镇江, 丹阳, 常州, 无锡, 苏州, 昆山南, 上海]",5l000G704100
"[南京, 镇江, 丹阳, 戚墅堰, 无锡, 苏州, 昆山南, 上海虹桥]",54000G710340
"[南京南, 镇江南, 常州北, 无锡东, 苏州北, 上海虹桥, 嘉兴南, 杭州东, 义乌, 永康南, 缙云西, 丽水, 青田, 温州南]",5l000G734960
"[南京, 镇江, 丹阳, 常州, 惠山, 无锡, 苏州, 昆山南, 上海虹桥, 嘉兴南, 杭州东, 诸暨, 金华, 衢州]",54000G735520
"[南京南, 镇江南, 常州北, 无锡东, 苏州北, 昆山南, 上海虹桥, 金山北, 嘉兴南, 杭州东, 义乌, 龙游, 上饶, 抚州东, 南昌西, 萍乡北, 长沙南, 湘潭北, 娄底南, 新化南, 怀化南, 铜仁南, 贵定北, 贵阳北]",5l000G132530
"[南京南, 溧阳, 宜兴, 长兴, 湖州, 德清, 杭州, 余杭, 嘉兴南, 金山北, 松江南, 上海虹桥]",5l000G739332
"[南京, 镇江, 丹阳, 常州, 无锡, 苏州, 苏州园区, 昆山南, 上海虹桥, 嘉善南, 嘉兴南, 杭州东, 绍兴东, 宁波, 奉化, 临海, 台州, 温岭, 绅坊, 温州南, 福鼎, 罗源, 福州南, 福清, 仙游, 泉州, 厦门北, 漳浦, 饶平, 潮汕, 潮阳, 普宁, 陆丰, 惠州南, 深圳坪山, 深圳北]",54000D228130
"[南京南, 丹阳, 常州, 无锡, 苏州, 昆山南, 上海虹桥, 海宁西, 杭州东, 绍兴北, 绍兴东, 宁波, 宁海, 临海, 台州, 温岭, 乐清, 温州南]",5l000G758740
"[南京南, 丹阳北, 常州北, 无锡东, 苏州北, 昆山南, 上海虹桥]",5l000G717700
"[南京, 常州, 无锡, 苏州, 上海]",54000G700375
"[南京, 镇江, 丹阳, 常州, 惠山, 无锡, 无锡新区, 苏州, 昆山南, 上海虹桥, 松江南, 嘉善南, 嘉兴南, 海宁西, 杭州东, 绍兴北, 绍兴东, 余姚北, 宁波, 三门县, 台州, 雁荡山, 温州南, 鳌江, 苍南, 福鼎, 宁德, 福州南, 福清, 莆田, 晋江, 厦门北, 漳州, 龙岩, 古田会址, 瑞金, 于都, 赣州]",54000D313560
"[南京南, 镇江, 常州, 无锡, 苏州, 阳澄湖, 昆山南, 上海]",5l000G704311
"[蚌埠南, 定远, 滁州, 南京南, 镇江南, 常州北, 无锡东, 苏州北, 上海虹桥]",5l000G716720
"[南京, 宝华山, 镇江, 戚墅堰, 无锡, 苏州, 昆山南, 上海虹桥]",54000G710500
"[合肥南, 全椒, 南京南, 镇江, 常州, 无锡, 苏州, 苏州园区, 上海西, 上海]",5i000G725803
"[徐州东, 宿州东, 蚌埠南, 定远, 滁州, 南京南, 镇江南, 无锡东, 苏州北, 昆山南, 上海虹桥, 金山北, 嘉兴南, 余杭, 杭州东, 绍兴北, 宁波]",5l000G758943
"[合肥南, 南京南, 上海]",5i000G722821
"[南京南, 镇江, 丹阳, 常州, 无锡, 苏州, 昆山南, 上海虹桥]",5l000G710700
"[南京, 常州, 无锡, 苏州, 上海]",54000G700571
"[徐州东, 宿州东, 蚌埠南, 定远, 滁州, 南京南, 镇江南, 丹阳北, 常州北, 苏州北, 上海虹桥, 嘉兴南, 桐乡, 杭州东, 绍兴北, 宁波, 临海, 台州, 绅坊, 温州南, 苍南]",5l000G759900
"[南京, 仙林, 镇江, 丹阳, 常州, 惠山, 苏州, 昆山南, 上海]",54000G704560
"[徐州东, 宿州东, 蚌埠南, 定远, 滁州, 南京南, 常州北, 无锡东, 上海]",5l000G729123
"[安庆, 池州, 铜陵, 繁昌西, 芜湖, 马鞍山东, 江宁西, 南京南, 镇江, 丹阳, 常州, 无锡, 苏州, 昆山南, 上海虹桥, 嘉善南, 嘉兴南, 杭州东, 义乌, 金华南, 武义北, 丽水, 青田, 温州南]",59000G759420
"[南京, 常州, 无锡, 苏州, 上海]",54000G700771
"[南京, 镇江, 丹徒, 常州, 无锡新区, 苏州, 苏州园区, 上海]",54000G704770
"[淮南东, 水家湖, 合肥, 肥东, 全椒, 南京南, 镇江, 常州, 无锡, 苏州新区, 苏州, 昆山南, 上海]",53000G7221B3
"[济南西, 曲阜东, 滕州东, 枣庄, 徐州东, 蚌埠南, 南京南, 镇江南, 常州北, 苏州北, 上海虹桥]",4p0000G29702
"[六安, 合肥南, 南京南, 镇江南, 无锡东, 苏州北, 上海虹桥]",53000G717411
"[南京, 镇江, 常州, 惠山, 无锡, 苏州, 昆山南, 上海虹桥]",54000G710900
"[安庆, 池州, 铜陵, 芜湖, 当涂东, 马鞍山东, 南京南, 丹阳, 常州, 无锡, 苏州, 昆山南, 上海西, 上海]",59000G707400
"[合肥南, 全椒, 南京南, 镇江, 丹阳, 常州, 无锡, 苏州, 昆山南, 上海虹桥, 嘉兴南, 余杭, 杭州东, 义乌, 金华, 龙游, 江山]",5i000G737813
"[徐州东, 宿州东, 蚌埠南, 滁州, 南京南, 常州北, 上海]",5l000G729511
"[北京南, 济南西, 南京南, 上海虹桥]",24000000G502
"[郑州, 郑州东, 徐州东, 南京南, 上海虹桥]",380000G37000
"[汉口, 红安西, 麻城北, 六安, 合肥南, 全椒, 南京南, 常州, 无锡, 苏州, 昆山南, 上海虹桥]",39000D302809
"[南京, 常州, 无锡, 苏州, 上海]",54000G700941
"[郑州东, 民权北, 商丘, 砀山南, 萧县北, 徐州东, 蚌埠南, 南京南, 镇江南, 上海虹桥]",38000G180400
"[南京, 常州, 无锡, 无锡新区, 苏州, 上海虹桥]",54000G711110
"[安庆, 池州, 铜陵, 芜湖, 马鞍山东, 南京南, 镇江, 常州, 戚墅堰, 苏州, 苏州园区, 上海西, 上海]",59000G707800
"[汉口, 金寨, 六安, 合肥南, 肥东, 南京南, 镇江, 丹阳, 常州, 无锡, 苏州, 昆山南, 上海虹桥]",39000D30160A
"[北京南, 沧州西, 德州东, 济南西, 泰安, 枣庄, 徐州东, 南京南, 镇江南, 苏州北, 上海虹桥]",240000G1010C
"[合肥南, 全椒, 南京南, 镇江南, 常州北, 无锡东, 苏州北, 上海虹桥, 松江南, 嘉兴南, 杭州东, 绍兴北, 宁波]",5i000G759807
"[汉口, 麻城北, 六安, 合肥南, 肥东, 南京南, 丹阳北, 无锡东, 苏州北, 昆山南, 上海虹桥]",39000D309604
"[南京, 丹阳, 常州, 惠山, 无锡新区, 苏州, 昆山南, 上海]",54000G704970
"[武汉, 红安西, 麻城北, 金寨, 合肥南, 南京南, 镇江南, 常州北, 无锡东, 苏州北, 昆山南, 上海虹桥]",4e000G173800
"[南京, 镇江, 丹阳, 常州, 无锡, 苏州, 昆山南, 上海虹桥]",54000G711310
"[北京南, 廊坊, 沧州西, 济南西, 徐州东, 宿州东, 南京南, 常州北, 苏州北, 上海虹桥]",240000G1050G
"[北京南, 济南西, 曲阜东, 南京南, 苏州北, 上海虹桥]",2400000G110F
"[汉口, 麻城北, 六安, 合肥南, 肥东, 全椒, 南京南, 丹阳, 常州, 戚墅堰, 无锡, 苏州, 昆山南, 上海虹桥]",39000D30120A
"[西安北, 渭南北, 华山北, 三门峡南, 洛阳龙门, 郑州东, 兰考南, 商丘, 徐州东, 南京南, 常州北, 苏州北, 上海虹桥]",4f000G191400
"[南京, 常州, 无锡, 苏州, 上海]",54000G701175
"[许昌东, 郑州东, 兰考南, 民权北, 商丘, 徐州东, 宿州东, 南京南, 常州北, 无锡东, 上海虹桥]",38000G180810
"[六安, 合肥南, 全椒, 南京南, 镇江, 丹阳, 常州, 无锡, 苏州, 昆山南, 上海虹桥, 金山北, 嘉兴南, 杭州东, 绍兴北, 余姚北, 宁波, 奉化, 三门县, 台州, 温岭, 雁荡山, 乐清, 永嘉, 温州南]",53000G757820
"[南京, 镇江, 常州, 惠山, 无锡新区, 苏州, 昆山南, 花桥, 上海]",54000G705180
"[汉口, 红安西, 麻城北, 金寨, 六安, 合肥南, 南京南, 镇江, 丹徒, 丹阳, 常州, 惠山, 无锡, 苏州, 上海虹桥]",39000D30340B
"[北京南, 德州东, 济南西, 枣庄, 徐州东, 南京南, 丹阳北, 苏州北, 上海虹桥]",240000G1070D
"[青岛, 潍坊, 青州市, 淄博, 济南, 泰安, 滕州东, 徐州东, 南京南, 镇江南, 无锡东, 上海虹桥]",490000G2240N
"[洛阳龙门, 郑州, 郑州东, 开封北, 商丘, 永城北, 徐州东, 南京南, 镇江南, 丹阳北, 常州北, 无锡东, 上海虹桥]",3b000G181200
"[安庆, 池州, 铜陵, 芜湖, 当涂东, 马鞍山东, 南京南, 镇江, 常州, 无锡, 苏州, 上海虹桥]",59000G713400
"[北京南, 南京南, 上海虹桥]",24000000G109
"[宜昌东, 枝江北, 荆州, 潜江, 仙桃西, 天门南, 汉川, 汉口, 麻城北, 金寨, 六安, 合肥南, 全椒, 南京南, 镇江, 丹阳, 常州, 无锡, 苏州, 昆山南, 安亭北, 上海虹桥]",42000D300809
"[南京, 常州, 无锡, 苏州, 上海]",54000G7013A1
"[北京南, 沧州西, 济南西, 曲阜东, 宿州东, 定远, 南京南, 常州北, 昆山南, 上海虹桥]",240000G1110Q
"[北京南, 天津南, 德州东, 济南西, 徐州东, 南京南, 苏州北, 上海虹桥]",240000G1130C
"[南京, 镇江, 丹阳, 常州, 无锡, 苏州, 苏州园区, 上海西, 上海]",54000G7053A0
"[安庆, 铜陵, 繁昌西, 弋江, 芜湖, 马鞍山东, 南京南, 镇江, 丹阳, 常州, 无锡, 无锡新区, 苏州, 阳澄湖, 上海]",59000G708200
"[天津西, 德州东, 济南西, 曲阜东, 南京南, 镇江南, 无锡东, 上海虹桥]",250000G2110F
"[汉口, 红安西, 麻城北, 金寨, 六安, 合肥南, 肥东, 全椒, 南京南, 镇江南, 常州北, 无锡东, 苏州北, 上海虹桥]",39000D305402
"[武昌, 汉口, 红安西, 麻城北, 六安, 合肥南, 全椒, 南京南, 镇江, 丹阳, 常州, 惠山, 无锡, 苏州, 昆山南, 上海虹桥]",39000D304409
"[北京南, 德州东, 济南西, 曲阜东, 蚌埠南, 南京南, 无锡东, 上海虹桥, 嘉兴南, 杭州东]",2400000G410F
"[南京, 镇江, 丹阳, 常州, 戚墅堰, 无锡, 苏州, 上海虹桥]",54000G711500
"[西安北, 郑州东, 徐州东, 南京南, 上海虹桥]",4f0000G36200
"[北京南, 天津南, 德州东, 济南西, 泰安, 徐州东, 南京南, 无锡东, 昆山南, 上海虹桥]",240000G1150S
"[北京南, 济南西, 南京南, 上海虹桥]",2400000G1305
"[安阳东, 新乡东, 郑州东, 民权北, 商丘, 萧县北, 徐州东, 南京南, 镇江南, 无锡东, 苏州北, 上海虹桥]",38000G181300
"[六安, 合肥南, 南京南, 镇江, 常州, 无锡, 苏州, 昆山南, 上海]",53000G723450
"[南京, 丹阳, 常州, 无锡, 苏州, 昆山南, 上海]",54000G705580
"[汉口, 金寨, 六安, 合肥南, 南京南, 镇江南, 无锡东, 苏州北, 昆山南, 上海虹桥]",39000D308807
"[南京, 常州, 无锡, 苏州, 上海]",54000G701551
"[淮南东, 合肥, 全椒, 南京南, 镇江, 丹阳, 常州, 无锡, 苏州, 苏州园区, 上海虹桥, 嘉兴南, 海宁西, 杭州东, 绍兴北, 余姚北, 宁波, 奉化, 台州, 雁荡山, 永嘉, 温州南]",53000G757120
"[北京南, 德州东, 济南西, 泰安, 枣庄, 滁州, 南京南, 丹阳北, 苏州北, 昆山南, 上海虹桥]",240000G1170K
"[北京南, 沧州西, 济南西, 曲阜东, 枣庄, 徐州东, 南京南, 镇江南, 无锡东, 上海虹桥]",240000G1190D
"[南京, 镇江, 戚墅堰, 无锡新区, 苏州, 苏州园区, 上海]",54000G705750
"[安庆, 池州, 铜陵, 芜湖, 当涂东, 马鞍山东, 南京南, 镇江, 常州, 苏州, 昆山南, 上海虹桥]",59000G713800
"[石家庄, 邢台东, 邯郸东, 鹤壁东, 郑州东, 商丘, 永城北, 徐州东, 滁州, 南京南, 镇江南, 无锡东, 上海虹桥]",26000G281100
"[天津西, 沧州西, 德州东, 济南西, 曲阜东, 徐州东, 南京南, 镇江南, 无锡东, 苏州北, 上海虹桥]",250000G2130D
"[南京, 镇江, 丹阳, 惠山, 无锡, 苏州, 昆山南, 上海虹桥]",54000G711700
"[北京南, 济南西, 南京南, 上海虹桥]",2400000G150B
"[合肥南, 南京南, 镇江, 丹阳, 常州, 无锡, 苏州, 昆山南, 上海虹桥, 嘉兴南, 余杭, 杭州东]",5i000G756601
"[青岛, 潍坊, 青州市, 淄博, 济南, 泰安, 枣庄, 徐州东, 南京南, 苏州北, 上海虹桥]",490000G2320D
"[北京南, 廊坊, 天津南, 德州东, 济南西, 枣庄, 徐州东, 南京南, 常州北, 无锡东, 苏州北, 上海虹桥]",240000G1210G
"[南京, 常州, 无锡, 苏州, 上海]",54000G701751
"[六安, 合肥南, 肥东, 全椒, 南京南, 常州北, 无锡东, 苏州北, 昆山南, 上海虹桥]",53000G728871
"[南京, 镇江, 无锡, 苏州, 安亭北, 上海]",54000G7059B0
"[合肥南, 肥东, 全椒, 南京南, 镇江, 丹阳, 无锡, 苏州, 昆山南, 南翔北, 上海]",5i000G723831
"[西安北, 渭南北, 灵宝西, 渑池南, 郑州东, 开封北, 商丘, 砀山南, 徐州东, 蚌埠南, 南京南, 常州北, 苏州北, 上海虹桥]",4f000G191800
"[安庆, 池州, 铜陵, 繁昌西, 芜湖, 马鞍山东, 南京南, 丹阳, 常州, 无锡, 苏州, 昆山南, 上海虹桥]",59000G714200
"[合肥南, 南京南, 镇江, 常州, 无锡新区, 苏州, 上海]",5i000G726604
"[北京南, 天津南, 德州东, 济南西, 滕州东, 蚌埠南, 南京南, 丹阳北, 常州北, 昆山南, 上海虹桥]",240000G1250Y
"[武昌, 红安西, 麻城北, 金寨, 六安, 合肥南, 全椒, 南京南, 常州, 无锡, 苏州, 上海虹桥]",39000D304807
"[合肥南, 全椒, 南京南, 镇江南, 常州北, 无锡东, 苏州北, 上海虹桥, 松江南, 嘉善南, 嘉兴南, 海宁西, 杭州东, 诸暨, 义乌, 金华, 龙游, 衢州]",5i000G738810
"[南京, 丹阳, 常州, 无锡, 苏州, 安亭北, 上海]",54000G706171
"[安庆, 池州, 铜陵, 芜湖, 马鞍山东, 南京南, 镇江, 常州, 无锡, 苏州, 上海虹桥]",59000G714600
"[北京南, 廊坊, 沧州西, 德州东, 济南西, 曲阜东, 徐州东, 定远, 南京南, 苏州北, 上海虹桥]",240000G41103
"[烟台, 海阳北, 莱阳, 莱西北, 即墨北, 潍坊, 淄博, 济南, 泰安, 曲阜东, 徐州东, 蚌埠南, 南京南, 无锡东, 苏州北, 上海虹桥]",490000G46204
"[南京, 常州, 无锡, 苏州, 上海]",54000G701975
"[西安北, 华山北, 三门峡南, 洛阳龙门, 郑州东, 开封北, 民权北, 商丘, 萧县北, 徐州东, 宿州东, 南京南, 常州北, 无锡东, 苏州北, 上海虹桥]",4f000G192200
"[合肥南, 肥东, 全椒, 南京南, 常州, 无锡, 苏州, 阳澄湖, 昆山南, 上海虹桥, 松江南, 海宁西, 杭州东, 诸暨, 义乌, 金华, 衢州, 江山]",5i000G737421
"[太原南, 石家庄, 邯郸东, 安阳东, 郑州东, 开封北, 兰考南, 商丘, 永城北, 徐州东, 宿州东, 南京南, 丹阳北, 苏州北, 上海虹桥]",27000G195800
"[南京, 镇江, 戚墅堰, 无锡, 苏州, 苏州园区, 昆山南, 上海]",54000G706361
"[合肥南, 南京南, 镇江, 丹阳, 常州, 惠山, 无锡, 苏州, 上海]",5i000G724630
"[南京, 镇江, 丹阳, 常州, 无锡, 无锡新区, 苏州, 上海虹桥]",54000G711920
"[芜湖, 马鞍山东, 江宁西, 南京南, 镇江, 丹阳, 常州, 无锡, 苏州, 上海]",54000G728400
"[北京南, 天津南, 德州东, 济南西, 徐州东, 宿州东, 南京南, 镇江南, 无锡东, 上海虹桥]",240000G1290L
"[武汉, 红安西, 麻城北, 金寨, 六安, 合肥南, 南京南, 镇江, 常州, 戚墅堰, 无锡, 无锡新区, 苏州, 昆山南, 上海虹桥]",4e000D30040B
"[郑州东, 兰考南, 商丘, 砀山南, 徐州东, 南京南, 镇江南, 常州北, 苏州北, 昆山南, 上海虹桥]",38000G182000
"[武汉, 麻城北, 合肥南, 南京南, 镇江南, 常州北, 无锡东, 苏州北, 上海虹桥]",4e0000G67803
"[北京南, 沧州西, 济南西, 泰安, 枣庄, 徐州东, 滁州, 南京南, 苏州北, 昆山南, 上海虹桥]",240000G1310G
"[南京, 镇江, 丹阳, 常州, 无锡, 苏州, 昆山南, 上海虹桥]",54000G712170
"[南京, 常州, 无锡, 苏州, 上海]",54000G702171
"[沈阳北, 沈阳, 辽阳, 鞍山西, 海城西, 盘锦, 山海关, 秦皇岛, 滦河, 唐山, 天津, 天津西, 沧州西, 济南西, 滕州东, 徐州东, 定远, 滁州, 南京南, 丹阳北, 常州北, 苏州北, 上海虹桥]",12000G122608
"[六安, 合肥南, 南京南, 镇江, 丹阳, 戚墅堰, 无锡, 苏州, 昆山南, 上海]",53000G724251
"[北京南, 天津南, 德州东, 济南西, 曲阜东, 徐州东, 滁州, 南京南, 镇江南, 常州北, 无锡东, 上海虹桥]",240000G1330E
"[淮南东, 合肥北城, 合肥, 南京南, 镇江, 常州, 无锡, 苏州, 昆山南, 上海西, 上海]",53000G726720
"[焦作, 郑州, 郑州东, 开封北, 民权北, 砀山南, 徐州东, 蚌埠南, 南京南, 镇江南, 常州北, 无锡东, 上海虹桥]",38000G182100
"[汉口, 红安西, 麻城北, 六安, 合肥南, 全椒, 南京南, 丹阳, 常州, 无锡, 苏州, 昆山南, 上海虹桥]",39000D30580D
"[北京南, 廊坊, 沧州西, 济南西, 徐州东, 宿州东, 滁州, 南京南, 常州北, 无锡东, 上海虹桥]",240000G1350A
"[安庆, 池州, 铜陵, 繁昌西, 芜湖, 当涂东, 马鞍山东, 南京南, 丹阳, 常州, 无锡, 苏州, 阳澄湖, 昆山南, 上海]",59000G708601
"[北京南, 沧州西, 济南西, 泰安, 滕州东, 徐州东, 滁州, 南京南, 丹阳北, 无锡东, 上海虹桥]",240000G1370G
"[合肥南, 南京南, 丹阳, 常州, 无锡, 苏州, 昆山南, 上海]",5i000G725001
"[北京南, 南京南, 上海虹桥]",24000000G306
"[大连, 营口东, 盘锦, 锦州南, 山海关, 秦皇岛, 滨海, 天津, 天津西, 沧州西, 济南西, 泰安, 徐州东, 滁州, 南京南, 镇江南, 苏州北, 上海虹桥]",13000G125106
"[六安, 合肥南, 南京南, 镇江, 丹阳, 常州, 无锡, 苏州, 苏州园区, 昆山南, 上海虹桥]",53000G715820
"[郑州东, 开封北, 商丘, 永城北, 徐州东, 定远, 南京南, 镇江南, 苏州北, 上海虹桥]",38000G182800
"[重庆北, 涪陵北, 丰都, 利川, 恩施, 宜昌东, 荆州, 潜江, 天门南, 汉川, 汉口, 红安西, 麻城北, 金寨, 六安, 合肥南, 全椒, 南京南, 镇江, 常州, 无锡, 苏州, 昆山南, 上海虹桥]",77000D221404
"[郑州东, 兰考南, 徐州东, 蚌埠南, 南京南, 镇江南, 苏州北, 上海虹桥, 嘉兴南, 杭州东, 绍兴北, 宁波]",38000G186800
"[南京, 常州, 无锡, 苏州, 上海]",54000G702391
"[武汉, 合肥南, 南京南, 上海虹桥]",4e0000G60005
"[徐州东, 蚌埠南, 南京南, 苏州北, 上海]",5l000G729703
"[西安北, 华山北, 洛阳龙门, 郑州西, 郑州东, 开封北, 兰考南, 徐州东, 蚌埠南, 南京南, 苏州北, 上海虹桥]",4f000G192600
"[南京南, 江宁, 溧水, 溧阳, 湖州, 德清, 杭州, 嘉兴南, 上海虹桥]",5l000G739771
"[北京南, 德州东, 济南西, 曲阜东, 徐州东, 南京南, 镇江南, 无锡东, 上海虹桥, 嘉兴南, 桐乡, 杭州东]",2400000G4306
"[南京, 镇江, 常州, 无锡, 苏州, 苏州园区, 昆山南, 上海]",54000G706550
"[北京南, 天津南, 德州东, 济南西, 枣庄, 徐州东, 蚌埠南, 滁州, 南京南, 无锡东, 上海虹桥]",240000G1390M
"[天津西, 德州东, 济南西, 滕州东, 徐州东, 南京南, 常州北, 昆山南, 上海虹桥]",250000G2150P
"[南京, 镇江, 常州, 无锡新区, 苏州, 昆山南, 上海虹桥]",54000G712370
"[长沙南, 岳阳东, 咸宁北, 武汉, 六安, 合肥南, 全椒, 南京南, 常州北, 无锡东, 苏州北, 上海虹桥]",6c0000G57806
"[北京南, 德州东, 济南西, 泰安, 徐州东, 宿州东, 蚌埠南, 滁州, 南京南, 常州北, 无锡东, 苏州北, 上海虹桥]",240000G1410D
"[北京南, 济南西, 南京南, 上海虹桥]",2400000G1708
"[长春, 长春西, 四平东, 铁岭西, 沈阳北, 台安, 葫芦岛北, 山海关, 秦皇岛, 唐山, 滨海北, 天津, 天津西, 济南西, 曲阜东, 徐州东, 蚌埠南, 南京南, 常州北, 无锡东, 苏州北, 上海虹桥]",11000G121206
"[重庆北, 长寿北, 石柱县, 利川, 恩施, 宜昌东, 枝江北, 荆州, 潜江, 天门南, 汉口, 红安西, 麻城北, 金寨, 六安, 合肥南, 肥东, 南京南, 镇江, 丹阳, 常州, 无锡, 苏州, 昆山南, 上海虹桥]",77000D221806
"[北京南, 沧州西, 济南西, 曲阜东, 徐州东, 滁州, 南京南, 镇江南, 无锡东, 苏州北, 上海虹桥]",240000G1430J
"[南京, 常州, 无锡, 苏州, 上海]",54000G702561
"[北京南, 沧州西, 济南西, 泰安, 枣庄, 徐州东, 南京南, 镇江南, 常州北, 无锡东, 苏州北, 上海虹桥]",240000G1450J
"[安庆, 池州, 铜陵, 芜湖, 马鞍山东, 南京南, 镇江, 常州, 无锡, 苏州, 阳澄湖, 上海]",59000G709000
"[宜昌东, 荆州, 潜江, 汉川, 汉口, 麻城北, 金寨, 六安, 合肥南, 南京南, 镇江, 常州, 无锡, 苏州, 昆山南, 上海虹桥]",42000D307406
"[青岛, 潍坊, 淄博, 济南, 滕州东, 枣庄, 徐州东, 蚌埠南, 南京南, 镇江南, 常州北, 无锡东, 昆山南, 上海虹桥]",490000G22807
"[哈尔滨西, 扶余北, 长春西, 四平东, 铁岭西, 沈阳北, 锦州南, 绥中北, 山海关, 北戴河, 唐山, 天津, 天津西, 沧州西, 济南西, 曲阜东, 枣庄, 徐州东, 蚌埠南, 南京南, 镇江南, 常州北, 无锡东, 苏州北, 上海虹桥]",0h000G120208
"[武昌, 红安西, 麻城北, 六安, 合肥南, 南京南, 镇江, 丹阳, 常州, 无锡, 苏州, 昆山南, 上海虹桥]",39000D302407
"[汉口, 麻城北, 六安, 合肥南, 南京南, 镇江南, 常州北, 无锡东, 苏州北, 上海虹桥]",39000D309203
"[南京, 镇江, 丹阳, 常州, 无锡, 苏州, 昆山南, 上海西, 上海]",54000G7067A0
"[西安北, 渭南北, 三门峡南, 洛阳龙门, 郑州东, 兰考南, 商丘, 萧县北, 徐州东, 蚌埠南, 南京南, 镇江南, 昆山南, 上海虹桥]",4f000G193000
"[南京, 镇江, 丹阳, 常州, 无锡, 苏州, 昆山南, 上海虹桥]",54000G712541
"[太原南, 阳泉北, 石家庄, 邢台东, 邯郸东, 安阳东, 郑州东, 开封北, 民权北, 砀山南, 永城北, 徐州东, 南京南, 镇江南, 常州北, 无锡东, 上海虹桥]",27000G195400
"[合肥南, 南京南, 镇江, 常州, 无锡, 苏州, 昆山南, 上海]",5i000G725410
"[南京, 常州, 无锡, 苏州, 上海]",54000G702715
"[北京南, 天津南, 济南西, 徐州东, 南京南, 上海虹桥]",2400000G190A
"[西安北, 洛阳龙门, 郑州东, 徐州东, 南京南, 苏州北, 上海虹桥]",4f000G193800
"[汉口, 麻城北, 六安, 合肥南, 全椒, 南京南, 镇江, 常州, 无锡, 苏州, 昆山南, 上海虹桥]",39000D307009
"[北京南, 天津南, 沧州西, 德州东, 济南西, 曲阜东, 枣庄, 滁州, 南京南, 镇江南, 丹阳北, 苏州北, 上海虹桥]",240000G14709
"[成都东, 潼南, 合川, 重庆北, 涪陵北, 丰都, 利川, 恩施, 宜昌东, 荆州, 潜江, 汉川, 汉口, 红安西, 麻城北, 金寨, 六安, 合肥南, 肥东, 全椒, 南京南, 丹阳, 无锡, 苏州, 昆山南, 上海虹桥]",760000D63803
"[淮南东, 水家湖, 合肥, 南京南, 苏州北, 上海]",53000G727530
"[成都东, 潼南, 合川, 重庆北, 长寿北, 石柱县, 利川, 恩施, 建始, 宜昌东, 荆州, 潜江, 天门南, 汉口, 麻城北, 金寨, 六安, 合肥南, 全椒, 南京南, 镇江, 常州, 苏州, 昆山南, 上海虹桥]",760000D35403
"[南京, 镇江, 丹阳, 常州, 无锡, 苏州, 昆山南, 上海]",54000G7069B1
"[长春, 四平东, 昌图西, 开原西, 沈阳北, 盘锦北, 锦州南, 秦皇岛, 北戴河, 唐山, 滨海北, 军粮城北, 天津, 天津西, 沧州西, 德州东, 济南西, 枣庄, 徐州东, 南京南, 常州北, 苏州北, 上海虹桥]",11000G123405
"[汉口, 麻城北, 六安, 合肥南, 全椒, 南京南, 镇江, 丹阳, 常州, 无锡, 苏州, 昆山南, 上海虹桥]",39000D306609
"[荣成, 威海, 牟平, 烟台南, 莱阳, 即墨北, 潍坊, 淄博, 济南, 枣庄, 徐州东, 宿州东, 南京南, 常州北, 无锡东, 昆山南, 上海虹桥]",490000G45805
"[北京南, 沧州西, 德州东, 济南西, 滕州东, 徐州东, 宿州东, 南京南, 镇江南, 无锡东, 昆山南, 上海虹桥]",240000G1490D
"[安庆, 池州, 铜陵, 繁昌西, 芜湖, 当涂东, 马鞍山东, 南京南, 镇江, 常州, 无锡, 苏州, 上海]",59000G709410
"[西安北, 华山北, 灵宝西, 洛阳龙门, 郑州东, 商丘, 永城北, 徐州东, 宿州东, 蚌埠南, 南京南, 镇江南, 苏州北, 上海虹桥]",4f000G193400
"[成都东, 遂宁, 重庆北, 涪陵北, 石柱县, 恩施, 宜昌东, 枝江北, 荆州, 仙桃西, 汉川, 汉口, 红安西, 麻城北, 金寨, 六安, 合肥南, 全椒, 南京南, 镇江, 常州, 无锡, 苏州, 上海虹桥]",76000D220804
"[丹东, 凤城东, 本溪, 沈阳南, 沈阳, 盘锦北, 锦州南, 葫芦岛北, 秦皇岛, 北戴河, 滨海, 天津, 天津西, 沧州西, 德州东, 济南西, 泰安, 徐州东, 蚌埠南, 南京南, 无锡东, 苏州北, 上海虹桥]",12000G123008
"[北京南, 天津南, 济南西, 泰安, 滕州东, 徐州东, 南京南, 镇江南, 苏州北, 上海虹桥]",2400000G2107
"[长春, 公主岭南, 四平东, 铁岭西, 沈阳北, 绥中北, 秦皇岛, 滦河, 唐山, 天津, 天津西, 沧州西, 济南西, 曲阜东, 徐州东, 滁州, 南京南, 苏州北, 昆山南, 上海虹桥]",11000G125607
"[北京南, 沧州西, 济南西, 泰安, 徐州东, 蚌埠南, 南京南, 苏州北, 上海虹桥]",240000G1530C
"[青岛, 高密, 潍坊, 淄博, 章丘, 济南, 曲阜东, 徐州东, 滁州, 南京南, 无锡东, 苏州北, 上海虹桥]",490000G23607
"[西安北, 渭南北, 洛阳龙门, 郑州西, 郑州东, 开封北, 民权北, 商丘, 砀山南, 徐州东, 蚌埠南, 滁州, 南京南, 无锡东, 苏州北, 上海虹桥]",4f000G194200
"[北京南, 德州东, 济南西, 曲阜东, 徐州东, 南京南, 常州北, 无锡东, 上海虹桥]",240000G1570H
"[北京南, 济南西, 南京南, 上海虹桥]",24000000G701
